{"objectData":[{"position":{"x":-3.2100000381469728,"y":0.9390000104904175,"z":0.47182995080947878},"rotation":{"x":0.0,"y":0.0,"z":0.0,"w":0.0},"scale":{"x":1.0,"y":1.0,"z":1.0},"type":0,"magnitude":1.0},{"position":{"x":-1.850000023841858,"y":0.949999988079071,"z":0.47182995080947878},"rotation":{"x":0.0,"y":0.0,"z":0.0,"w":0.0},"scale":{"x":1.0,"y":1.0,"z":1.0},"type":1,"magnitude":-1.0}]}